x,y,ux,uy,I
0.51332,0.53314,0.94571,0.054293,1
0.67028,0.46407,0.94669,0.053308,4
0.30587,0.27546,0.062659,0.93734,2
0.53442,0.77577,0.89943,0.10057,3
0.66201,0.65062,0.97815,0.021851,4
0.16057,0.14239,0.019213,0.98079,5
0.28514,0.10174,0.042051,0.95795,5
0.65731,0.55987,0.99287,0.0071269,4
0.6176,0.46846,0.95469,0.045305,4
0.13616,0.29404,0.048868,0.95113,5
